﻿<?xml version="1.0"?>
<Areas>
  <Area name="sunkenGladesRunaway">
    <Locations>
      <Location>
        <X>92</X>
        <Y>-227</Y>
        <Item>EX15</Item>
      </Location>
      <Location>
        <X>-154</X>
        <Y>-271</Y>
        <Item>EX15</Item>
      </Location>
      <Location>
        <X>83</X>
        <Y>-222</Y>
        <Item>KS</Item>
      </Location>
      <Location>
        <X>-11</X>
        <Y>-206</Y>
        <Item>KS</Item>
      </Location>
    </Locations>
    <Connections>
      <Connection>
        <Home name="sunkenGladesRunaway"/>
        <Target name="sunkenGladesNadePool"/>
        <Requirements>
          <Requirement mode="normal">Water+Grenade</Requirement>
          <Requirement mode="dboost">Grenade+HC+HC+HC+HC+HC+HC</Requirement>
          <Requirement mode="dboost">Grenade+HC+HC+HC+HC+HC+Stomp</Requirement>
        </Requirements>
      </Connection>
      <Connection>
        <Home name="sunkenGladesRunaway"/>
        <Target name="sunkenGladesNadeTree"/>
        <Requirements>
          <Requirement mode="speed">Grenade+WallJump+DoubleJump</Requirement>
          <Requirement mode="normal">Grenade+ChargeJump</Requirement>
          <Requirement mode="normal">Grenade+Bash</Requirement>
        </Requirements>
      </Connection>
      <Connection>
        <Home name="sunkenGladesRunaway"/>
        <Target name="sunkenGladesMainPool"/>
        <Requirements>
          <Requirement mode="normal">Water</Requirement>
          <Requirement mode="dboost">Bash</Requirement>
          <Requirement mode="dboost">Stomp</Requirement>
          <Requirement mode="dboost">HC+HC+HC+HC</Requirement>
        </Requirements>
      </Connection>
      <Connection>
        <Home name="sunkenGladesRunaway"/>
        <Target name="sunkenGladesMainPoolDeep"/>
        <Requirements>
          <Requirement mode="normal">Water</Requirement>
          <Requirement mode="dboost">HC+HC+HC+HC+HC+HC+HC</Requirement>
        </Requirements>
      </Connection>
      <Connection>
        <Home name="sunkenGladesRunaway"/>
        <Target name="WallJump"/>
        <Requirements>
          <Requirement mode="normal">KS+KS</Requirement>
        </Requirements>
      </Connection>
      <Connection>
        <Home name="sunkenGladesRunaway"/>
        <Target name="DashArea"/>
        <Requirements>
          <Requirement mode="normal">WallJump</Requirement>
          <Requirement mode="normal">Climb</Requirement>
          <Requirement mode="normal">ChargeJump</Requirement>
          <Requirement mode="normal">Bash+Grenade</Requirement>
        </Requirements>
      </Connection>
      <Connection>
        <Home name="sunkenGladesRunaway"/>
        <Target name="fronkeyWalkRoof"/>
        <Requirements>
          <Requirement mode="normal">ChargeJump</Requirement>
          <Requirement mode="lure">Bash</Requirement>
          <Requirement mode="normal">Glide+Wind</Requirement>
        </Requirements>
      </Connection>
    </Connections>
  </Area>
  <Area name="sunkenGladesNadePool">
    <Locations>
      <Location>
        <X>59</X>
        <Y>-280</Y>
        <Item>EX200</Item>
      </Location>
    </Locations>
    <Connections>
    </Connections>
  </Area>
  <Area name="sunkenGladesNadeTree">
    <Locations>
      <Location>
        <X>82</X>
        <Y>-196</Y>
        <Item>AC</Item>
      </Location>
    </Locations>
    <Connections>
    </Connections>
  </Area>
  <Area name="sunkenGladesMainPool">
    <Locations>
      <Location>
        <X>5</X>
        <Y>-241</Y>
        <Item>EX100</Item>
      </Location>
    </Locations>
    <Connections>
    </Connections>
  </Area>
  <Area name="sunkenGladesMainPoolDeep">
    <Locations>
      <Location>
        <X>-40</X>
        <Y>-239</Y>
        <Item>EC</Item>
      </Location>
    </Locations>
    <Connections>
    </Connections>
  </Area>
  <Area name="fronkeyWalkRoof">
    <Locations>
      <Location>
        <X>257</X>
        <Y>-199</Y>
        <Item>EX200</Item>
      </Location>
    </Locations>
    <Connections>
    </Connections>
  </Area>
  <Area name="WallJump">
    <Locations>
      <Location>
        <X>-80</X>
        <Y>-189</Y>
        <Item>HC</Item>
      </Location>
      <Location>
        <X>-59</X>
        <Y>-244</Y>
        <Item>KS</Item>
      </Location>
      <Location>
        <X>-316</X>
        <Y>-308</Y>
        <Item>SKWallJump</Item>
      </Location>
      <Location>
        <X>-283</X>
        <Y>-236</Y>
        <Item>EX15</Item>
      </Location>
    </Locations>
    <Connections>
      <Connection>
        <Home name="WallJump"/>
        <Target name="moonGrotto"/>
        <Requirements>
          <Requirement mode="dboost-light">EC+EC+EC+EC+WallJump</Requirement>
          <Requirement mode="dboost-light">EC+EC+EC+EC+Climb</Requirement>
          <Requirement mode="dboost-light">EC+EC+EC+EC+ChargeJump+Bash</Requirement>
          <Requirement mode="normal">EC+EC+EC+EC+Grenade+Bash</Requirement>
          <Requirement mode="normal">EC+EC+EC+EC+Climb+DoubleJump+Glide</Requirement>
          <Requirement mode="timed-level">EC+EC+WallJump</Requirement>
          <Requirement mode="timed-level">EC+EC+Climb</Requirement>
          <Requirement mode="timed-level">EC+EC+ChargeJump+Bash</Requirement>
          <Requirement mode="timed-level">EC+EC+Grenade+Bash</Requirement>
        </Requirements>
      </Connection>
      <Connection>
        <Home name="WallJump"/>
        <Target name="WallJumpAbove"/>
        <Requirements>
          <Requirement mode="normal">Bash+WallJump</Requirement>
          <Requirement mode="normal">Bash+Climb</Requirement>
          <Requirement mode="speed">WallJump+DoubleJump</Requirement>
          <Requirement mode="normal">ChargeJump</Requirement>
        </Requirements>
      </Connection>
      <Connection>
        <Home name="WallJump"/>
        <Target name="rightWallJump"/>
        <Requirements>
          <Requirement mode="normal">ChargeJump</Requirement>
          <Requirement mode="normal">Bash+Grenade</Requirement>
          <Requirement mode="lure-hard">Bash</Requirement>
        </Requirements>
      </Connection>
      <Connection>
        <Home name="WallJump"/>
        <Target name="leftWallJump"/>
        <Requirements>
          <Requirement mode="normal">WallJump</Requirement>
          <Requirement mode="normal">Climb</Requirement>
          <Requirement mode="normal">ChargeJump</Requirement>
          <Requirement mode="normal">Bash+Grenade</Requirement>
          <Requirement mode="lure-hard">Bash</Requirement>
        </Requirements>
      </Connection>
      <Connection>
        <Home name="WallJump"/>
        <Target name="sunkenGladesSpiritCavernB"/>
        <Requirements>
          <Requirement mode="normal">KS+KS+Climb</Requirement>
          <Requirement mode="normal">KS+KS+WallJump</Requirement>
          <Requirement mode="normal">KS+KS+ChargeJump</Requirement>
          <Requirement mode="normal">KS+KS+Bash+Grenade</Requirement>
        </Requirements>
      </Connection>
      <Connection>
        <Home name="WallJump"/>
        <Target name="upperGladesBelowSpiritTree"/>
        <Requirements>
          <Requirement mode="normal">ChargeJump+Climb</Requirement>
          <Requirement mode="normal">ChargeJump+WallJump+DoubleJump</Requirement>
          <Requirement mode="normal">Bash+DoubleJump+Glide</Requirement>
          <Requirement mode="normal">Bash+Grenade+Climb</Requirement>
          <Requirement mode="normal">Bash+Grenade+WallJump</Requirement>
          <Requirement mode="lure">Bash+WallJump</Requirement>
          <Requirement mode="dbash">Bash</Requirement>
        </Requirements>
      </Connection>
      <Connection>
        <Home name="WallJump"/>
        <Target name="ChargeFlame"/>
        <Requirements>
          <Requirement mode="normal">WallJump+Grenade</Requirement>
          <Requirement mode="normal">WallJump+ChargeFlame</Requirement>
          <Requirement mode="normal">Climb+Grenade</Requirement>
          <Requirement mode="normal">Climb+ChargeFlame</Requirement>
          <Requirement mode="normal">ChargeJump+Grenade</Requirement>
          <Requirement mode="normal">ChargeJump+ChargeFlame</Requirement>
          <Requirement mode="normal">Bash+Grenade</Requirement>
          <Requirement mode="glitched">Dash+Bash+WallJump</Requirement>
          <Requirement mode="glitched">Dash+Bash+Climb</Requirement>
          <Requirement mode="glitched">Dash+WallJump+DoubleJump</Requirement>
          <Requirement mode="glitched">Dash+ChargeJump</Requirement>
        </Requirements>
      </Connection>
      <Connection>
        <Home name="WallJump"/>
        <Target name="WallJumpMapStone"/>
        <Requirements>
          <Requirement mode="normal">MS</Requirement>
        </Requirements>
      </Connection>
    </Connections>
  </Area>
  <Area name="WallJumpMapStone">
    <Locations>
      <Location>
        <X>-81</X>
        <Y>-248</Y>
        <Item>MapStone</Item>
      </Location>
    </Locations>
    <Connections>
    </Connections>
  </Area>
  <Area name="WallJumpAbove">
    <Locations>
      <Location>
        <X>-48</X>
        <Y>-166</Y>
        <Item>AC</Item>
      </Location>
    </Locations>
    <Connections>
    </Connections>
  </Area>
  <Area name="rightWallJump">
    <Locations>
      <Location>
        <X>-245</X>
        <Y>-277</Y>
        <Item>EX200</Item>
      </Location>
    </Locations>
    <Connections>
    </Connections>
  </Area>
  <Area name="leftWallJump">
    <Locations>
      <Location>
        <X>-336</X>
        <Y>-288</Y>
        <Item>EC</Item>
      </Location>
      <Location>
        <X>-247</X>
        <Y>-207</Y>
        <Item>EX15</Item>
      </Location>
      <Location>
        <X>-238</X>
        <Y>-212</Y>
        <Item>KS</Item>
      </Location>
      <Location>
        <X>-184</X>
        <Y>-227</Y>
        <Item>MS</Item>
      </Location>
    </Locations>
    <Connections>
    </Connections>
  </Area>
  <Area name="sunkenGladesSpiritCavernB">
    <Locations>
      <Location>
        <X>-182</X>
        <Y>-193</Y>
        <Item>KS</Item>
      </Location>
      <Location>
        <X>-217</X>
        <Y>-183</Y>
        <Item>KS</Item>
      </Location>
      <Location>
        <X>-177</X>
        <Y>-154</Y>
        <Item>KS</Item>
      </Location>
    </Locations>
    <Connections>
      <Connection>
        <Home name="sunkenGladesSpiritCavernB"/>
        <Target name="sunkenGladesSpiritCavernTopLeft"/>
        <Requirements>
          <Requirement mode="normal">WallJump</Requirement>
          <Requirement mode="normal">DoubleJump</Requirement>
          <Requirement mode="dboost-light">ChargeJump</Requirement>
          <Requirement mode="dboost-light">Bash</Requirement>
        </Requirements>
      </Connection>
      <Connection>
        <Home name="sunkenGladesSpiritCavernB"/>
        <Target name="upperGladesBelowSpiritTree"/>
        <Requirements>
          <Requirement mode="normal">EC+EC+EC+EC+DoubleJump</Requirement>
          <Requirement mode="normal">EC+EC+EC+EC+Bash</Requirement>
          <Requirement mode="normal">EC+EC+EC+EC+ChargeJump</Requirement>
        </Requirements>
      </Connection>
      <Connection>
        <Home name="sunkenGladesSpiritCavernB"/>
        <Target name="sunkenGladesSpiritCavernRoof"/>
        <Requirements>
          <Requirement mode="speed">WallJump+DoubleJump</Requirement>
          <Requirement mode="normal">ChargeJump</Requirement>
          <Requirement mode="normal">Bash</Requirement>
        </Requirements>
      </Connection>
      <Connection>
        <Home name="sunkenGladesSpiritCavernB"/>
        <Target name="spiritTreeRefined"/>
        <Requirements>
          <Requirement mode="normal">KS+KS+KS+KS+ChargeFlame</Requirement>
          <Requirement mode="normal">KS+KS+KS+KS+Grenade</Requirement>
          <Requirement mode="speed">KS+KS+KS+KS+Stomp</Requirement>
        </Requirements>
      </Connection>
    </Connections>
  </Area>
  <Area name="sunkenGladesSpiritCavernTopLeft">
    <Locations>
      <Location>
        <X>-217</X>
        <Y>-146</Y>
        <Item>KS</Item>
      </Location>
    </Locations>
    <Connections>
    </Connections>
  </Area>
  <Area name="sunkenGladesSpiritCavernRoof">
    <Locations>
      <Location>
        <X>-216</X>
        <Y>-176</Y>
        <Item>AC</Item>
      </Location>
    </Locations>
    <Connections>
    </Connections>
  </Area>
  <Area name="upperGladesBelowSpiritTree">
    <Locations>
      <Location>
        <X>-155</X>
        <Y>-186</Y>
        <Item>EC</Item>
      </Location>
    </Locations>
    <Connections>
      <Connection>
        <Home name="upperGladesBelowSpiritTree"/>
        <Target name="WallJump"/>
        <Requirements>
          <Requirement mode="normal">Free</Requirement>
        </Requirements>
      </Connection>
      <Connection>
        <Home name="upperGladesBelowSpiritTree"/>
        <Target name="sunkenGladesSpiritCavernB"/>
        <Requirements>
          <Requirement mode="normal">EC+EC+EC+EC</Requirement>
        </Requirements>
      </Connection>
      <Connection>
        <Home name="upperGladesBelowSpiritTree"/>
        <Target name="sunkenGladesRunning"/>
        <Requirements>
          <Requirement mode="normal">Grenade+Bash+WallJump</Requirement>
          <Requirement mode="speed">Grenade+ChargeJump+Water</Requirement>
          <Requirement mode="normal">Grenade+Bash+Climb</Requirement>
          <Requirement mode="speed">Grenade+Bash+DoubleJump+Water</Requirement>
          <Requirement mode="dboost">Grenade+Bash+DoubleJump</Requirement>
        </Requirements>
      </Connection>
    </Connections>
  </Area>
  <Area name="sunkenGladesRunning">
    <Locations>
      <Location>
        <X>-165</X>
        <Y>-140</Y>
        <Item>AC</Item>
      </Location>
    </Locations>
    <Connections>
    </Connections>
  </Area>
  <Area name="ChargeFlame">
    <Locations>
      <Location>
        <X>-56</X>
        <Y>-160</Y>
        <Item>SKChargeFlame</Item>
      </Location>
      <Location>
        <X>4</X>
        <Y>-196</Y>
        <Item>EX100</Item>
      </Location>
    </Locations>
    <Connections>
      <Connection>
        <Home name="ChargeFlame"/>
        <Target name="spiritTreeRefined"/>
        <Requirements>
          <Requirement mode="normal">ChargeJump+ChargeFlame</Requirement>
          <Requirement mode="normal">ChargeJump+Grenade</Requirement>
          <Requirement mode="speed">ChargeJump+Stomp</Requirement>
        </Requirements>
      </Connection>
      <Connection>
        <Home name="ChargeFlame"/>
        <Target name="ChargeFlamePlant"/>
        <Requirements>
          <Requirement mode="normal">ChargeFlame</Requirement>
          <Requirement mode="normal">Grenade</Requirement>
          <Requirement mode="cdash">Dash</Requirement>
        </Requirements>
      </Connection>
    </Connections>
  </Area>
  <Area name="ChargeFlamePlant">
    <Locations>
      <Location>
        <X>43</X>
        <Y>-156</Y>
        <Item>Plant</Item>
      </Location>
    </Locations>
    <Connections>
    </Connections>
  </Area>
  <Area name="spiritTreeRefined">
    <Locations>
    </Locations>
    <Connections>
      <Connection>
        <Home name="spiritTreeRefined"/>
        <Target name="ChargeFlame"/>
        <Requirements>
          <Requirement mode="normal">Free</Requirement>
        </Requirements>
      </Connection>
      <Connection>
        <Home name="spiritTreeRefined"/>
        <Target name="valleyEntry"/>
        <Requirements>
          <Requirement mode="normal">ChargeFlame</Requirement>
          <Requirement mode="normal">Grenade</Requirement>
          <Requirement mode="speed">Stomp</Requirement>
        </Requirements>
      </Connection>
      <Connection>
        <Home name="spiritTreeRefined"/>
        <Target name="ChargeFlameTree"/>
        <Requirements>
          <Requirement mode="normal">DoubleJump</Requirement>
        </Requirements>
      </Connection>
      <Connection>
        <Home name="spiritTreeRefined"/>
        <Target name="upperGladesSpiderCavernPuzzle"/>
        <Requirements>
          <Requirement mode="normal">ChargeFlame+WallJump</Requirement>
          <Requirement mode="normal">ChargeFlame+ChargeJump</Requirement>
          <Requirement mode="normal">ChargeFlame+DoubleJump</Requirement>
          <Requirement mode="normal">ChargeFlame+Glide</Requirement>
          <Requirement mode="normal">ChargeFlame+Dash</Requirement>
          <Requirement mode="normal">Grenade+WallJump</Requirement>
          <Requirement mode="normal">Grenade+ChargeJump</Requirement>
          <Requirement mode="normal">Grenade+DoubleJump</Requirement>
          <Requirement mode="normal">Grenade+Glide</Requirement>
          <Requirement mode="normal">Grenade+Dash</Requirement>
          <Requirement mode="normal">Grenade+Bash</Requirement>
          <Requirement mode="extended">ChargeFlame</Requirement>
          <Requirement mode="extended">Grenade</Requirement>
        </Requirements>
      </Connection>
    </Connections>
  </Area>
  <Area name="ChargeFlameTree">
    <Locations>
      <Location>
        <X>-14</X>
        <Y>-95</Y>
        <Item>EX100</Item>
      </Location>
    </Locations>
    <Connections>
    </Connections>
  </Area>
  <Area name="upperGladesSpiderCavernPuzzle">
    <Locations>
    </Locations>
    <Connections>
      <Connection>
        <Home name="upperGladesSpiderCavernPuzzle"/>
        <Target name="upperGladesSpiderHealth"/>
        <Requirements>
          <Requirement mode="normal">ChargeFlame</Requirement>
        </Requirements>
      </Connection>
      <Connection>
        <Home name="upperGladesSpiderCavernPuzzle"/>
        <Target name="upperGladesGrenade"/>
        <Requirements>
          <Requirement mode="normal">Grenade+Bash</Requirement>
          <Requirement mode="normal">Grenade+DoubleJump+WallJump</Requirement>
          <Requirement mode="normal">Grenade+ChargeJump</Requirement>
        </Requirements>
      </Connection>
      <Connection>
        <Home name="upperGladesSpiderCavernPuzzle"/>
        <Target name="upperGladesEnergyDoor"/>
        <Requirements>
          <Requirement mode="normal">EC+EC+EC+EC</Requirement>
        </Requirements>
      </Connection>
      <Connection>
        <Home name="upperGladesSpiderCavernPuzzle"/>
        <Target name="moonGrotto"/>
        <Requirements>
          <Requirement mode="normal">ChargeFlame</Requirement>
          <Requirement mode="normal">DoubleJump</Requirement>
        </Requirements>
      </Connection>
      <Connection>
        <Home name="upperGladesSpiderCavernPuzzle"/>
        <Target name="sunkenGladesLaserStomp"/>
        <Requirements>
          <Requirement mode="normal">Stomp+Water</Requirement>
          <Requirement mode="dboost">Bash+HC+HC+HC+HC</Requirement>
          <Requirement mode="dboost">HC+HC+HC+HC+HC</Requirement>
        </Requirements>
      </Connection>
    </Connections>
  </Area>
  <Area name="upperGladesEnergyDoor">
    <Locations>
      <Location>
        <X>64</X>
        <Y>-109</Y>
        <Item>AC</Item>
      </Location>
    </Locations>
    <Connections>
    </Connections>
  </Area>
  <Area name="upperGladesSpiderHealth">
    <Locations>
      <Location>
        <X>151</X>
        <Y>-117</Y>
        <Item>HC</Item>
      </Location>
      <Location>
        <X>60</X>
        <Y>-155</Y>
        <Item>EC</Item>
      </Location>
    </Locations>
    <Connections>
    </Connections>
  </Area>
  <Area name="upperGladesGrenade">
    <Locations>
      <Location>
        <X>93</X>
        <Y>-92</Y>
        <Item>AC</Item>
      </Location>
    </Locations>
    <Connections>
    </Connections>
  </Area>
  <Area name="DashArea">
    <Locations>
      <Location>
        <X>154</X>
        <Y>-291</Y>
        <Item>EX100</Item>
      </Location>
      <Location>
        <X>183</X>
        <Y>-291</Y>
        <Item>AC</Item>
      </Location>
      <Location>
        <X>197</X>
        <Y>-229</Y>
        <Item>EX100</Item>
      </Location>
      <Location>
        <X>292</X>
        <Y>-256</Y>
        <Item>SKDash</Item>
      </Location>
    </Locations>
    <Connections>
      <Connection>
        <Home name="DashArea"/>
        <Target name="moonGrotto"/>
        <Requirements>
          <Requirement mode="dboost-light">EC+EC+EC+EC+WallJump</Requirement>
          <Requirement mode="dboost-light">EC+EC+EC+EC+Climb</Requirement>
          <Requirement mode="dboost-light">EC+EC+EC+EC+ChargeJump+Bash</Requirement>
          <Requirement mode="normal">EC+EC+EC+EC+Grenade+Bash</Requirement>
          <Requirement mode="normal">EC+EC+EC+EC+Climb+DoubleJump+Glide</Requirement>
          <Requirement mode="timed-level">EC+EC+WallJump</Requirement>
          <Requirement mode="timed-level">EC+EC+Climb</Requirement>
          <Requirement mode="timed-level">EC+EC+ChargeJump+Bash</Requirement>
          <Requirement mode="timed-level">EC+EC+Grenade+Bash</Requirement>
        </Requirements>
      </Connection>
      <Connection>
        <Home name="DashArea"/>
        <Target name="LowerBlackRoot"/>
        <Requirements>
          <Requirement mode="normal">Stomp+ChargeJump</Requirement>
          <Requirement mode="normal">Stomp+Grenade+Bash</Requirement>
          <Requirement mode="normal">Stomp+Dash+DoubleJump</Requirement>
          <Requirement mode="normal">Stomp+Dash+Grenade+Bash</Requirement>
          <Requirement mode="normal">Stomp+Dash</Requirement>
          <Requirement mode="normal">Stomp+ChargeJump+DoubleJump</Requirement>
          <Requirement mode="normal">Stomp+Grenade</Requirement>
          <Requirement mode="normal">Stomp+Grenade+Water</Requirement>
          <Requirement mode="timed-level">Stomp</Requirement>
          <Requirement mode="extended">Stomp</Requirement>
          <Requirement mode="glitched">Free</Requirement>
        </Requirements>
      </Connection>
      <Connection>
        <Home name="DashArea"/>
        <Target name="RazielNo"/>
        <Requirements>
          <Requirement mode="normal">Dash</Requirement>
          <Requirement mode="speed">Free</Requirement>
        </Requirements>
      </Connection>
      <Connection>
        <Home name="DashArea"/>
        <Target name="blackrootMap"/>
        <Requirements>
          <Requirement mode="normal">Dash</Requirement>
          <Requirement mode="extended">Free</Requirement>
        </Requirements>
      </Connection>
      <Connection>
        <Home name="DashArea"/>
        <Target name="DashAreaPlant"/>
        <Requirements>
          <Requirement mode="normal">ChargeJump+Climb+ChargeFlame</Requirement>
          <Requirement mode="normal">ChargeJump+WallJump+ChargeFlame</Requirement>
          <Requirement mode="normal">Bash+Grenade</Requirement>
          <Requirement mode="normal">Glide+WallJump+Grenade</Requirement>
          <Requirement mode="normal">Bash+Grenade</Requirement>
          <Requirement mode="cdash">ChargeJump+Climb+Dash</Requirement>
          <Requirement mode="cdash">ChargeJump+WallJump+Dash</Requirement>
          <Requirement mode="extended">DoubleJump+Grenade</Requirement>
          <Requirement mode="extended">DoubleJump+ChargeFlame</Requirement>
          <Requirement mode="cdash">DoubleJump+Dash</Requirement>
        </Requirements>
      </Connection>
    </Connections>
  </Area>
  <Area name="DashAreaPlant">
    <Locations>
      <Location>
        <X>313</X>
        <Y>-232</Y>
        <Item>Plant</Item>
      </Location>
    </Locations>
    <Connections>
    </Connections>
  </Area>
  <Area name="RazielNo">
    <Locations>
      <Location>
        <X>304</X>
        <Y>-303</Y>
        <Item>EX100</Item>
      </Location>
    </Locations>
    <Connections>
      <Connection>
        <Home name="RazielNo"/>
        <Target name="BoulderExp"/>
        <Requirements>
          <Requirement mode="normal">Dash+Stomp</Requirement>
          <Requirement mode="glitched">Free</Requirement>
        </Requirements>
      </Connection>
      <Connection>
        <Home name="RazielNo"/>
        <Target name="blackrootGrottoConnection"/>
        <Requirements>
          <Requirement mode="normal">Dash+DoubleJump</Requirement>
          <Requirement mode="normal">Dash+ChargeJump</Requirement>
          <Requirement mode="normal">Dash+Bash+Grenade</Requirement>
          <Requirement mode="extended">WallJump</Requirement>
          <Requirement mode="extended">Dash</Requirement>
        </Requirements>
      </Connection>
      <Connection>
        <Home name="RazielNo"/>
        <Target name="GumoHideout"/>
        <Requirements>
          <Requirement mode="glitched">Dash</Requirement>
        </Requirements>
      </Connection>
    </Connections>
  </Area>
  <Area name="blackrootMap">
    <Locations>
      <Location>
        <X>346</X>
        <Y>-255</Y>
        <Item>MS</Item>
      </Location>
    </Locations>
    <Connections>
    </Connections>
  </Area>
  <Area name="blackrootGrottoConnection">
    <Locations>
      <Location>
        <X>394</X>
        <Y>-309</Y>
        <Item>HC</Item>
      </Location>
    </Locations>
    <Connections>
      <Connection>
        <Home name="blackrootGrottoConnection"/>
        <Target name="sideFallCell"/>
        <Requirements>
          <Requirement mode="normal">Stomp</Requirement>
        </Requirements>
      </Connection>
      <Connection>
        <Home name="blackrootGrottoConnection"/>
        <Target name="blackrootMapStone"/>
        <Requirements>
          <Requirement mode="normal">MS</Requirement>
        </Requirements>
      </Connection>
    </Connections>
  </Area>
  <Area name="blackrootMapStone">
    <Locations>
      <Location>
        <X>418</X>
        <Y>-291</Y>
        <Item>MapStone</Item>
      </Location>
    </Locations>
    <Connections>
    </Connections>
  </Area>
  <Area name="BoulderExp">
    <Locations>
      <Location>
        <X>432</X>
        <Y>-324</Y>
        <Item>EX100</Item>
      </Location>
    </Locations>
    <Connections>
    </Connections>
  </Area>
  <Area name="LowerBlackRoot">
    <Locations>
    </Locations>
    <Connections>
      <Connection>
        <Home name="LowerBlackRoot"/>
        <Target name="LowerBlackRootCell"/>
        <Requirements>
          <Requirement mode="normal">ChargeJump</Requirement>
          <Requirement mode="normal">Grenade+Bash</Requirement>
          <Requirement mode="timed-level">Free</Requirement>
        </Requirements>
      </Connection>
      <Connection>
        <Home name="LowerBlackRoot"/>
        <Target name="FarRightBlackRoot"/>
        <Requirements>
          <Requirement mode="speed">Dash+DoubleJump</Requirement>
          <Requirement mode="normal">Dash+Grenade+Bash</Requirement>
          <Requirement mode="extended">DoubleJump</Requirement>
          <Requirement mode="extended">Grenade+Bash</Requirement>
          <!-- for extended mode, this and the right blackroot connection can be done without dash, using a laser crouch -->
        </Requirements>
      </Connection>
      <Connection>
        <Home name="LowerBlackRoot"/>
        <Target name="RightBlackRoot"/>
        <Requirements>
          <Requirement mode="normal">Dash</Requirement>
          <Requirement mode="extended">Free</Requirement>
        </Requirements>
      </Connection>
      <Connection>
        <Home name="LowerBlackRoot"/>
        <Target name="LeftBlackRoot"/>
        <Requirements>
          <Requirement mode="speed">ChargeJump+DoubleJump</Requirement>
          <Requirement mode="normal">Grenade</Requirement>
        </Requirements>
      </Connection>
      <Connection>
        <Home name="LowerBlackRoot"/>
        <Target name="BottomBlackRoot"/>
        <Requirements>
          <Requirement mode="normal">Grenade+Bash</Requirement>
          <Requirement mode="normal">Grenade+Water</Requirement>
          <Requirement mode="dboost-hard">Grenade+Bash+HC+HC+HC+HC+HC+HC+HC+HC+HC+HC+HC+HC</Requirement>
        </Requirements>
      </Connection>
      <Connection>
        <Home name="LowerBlackRoot"/>
        <Target name="GrenadeArea"/>
        <Requirements>
          <Requirement mode="normal">Dash</Requirement>
        </Requirements>
      </Connection>
    </Connections>
  </Area>
  <Area name="GrenadeArea">
    <Locations>
      <Location>
        <X>72</X>
        <Y>-380</Y>
        <Item>SKGrenade</Item>
      </Location>
    </Locations>
    <Connections>
      <Connection>
        <Home name="GrenadeArea"/>
        <Target name="RightGrenadeArea"/>
        <Requirements>
          <Requirement mode="normal">Bash</Requirement>
          <Requirement mode="normal">ChargeJump</Requirement>
          <Requirement mode="normal">DoubleJump</Requirement>
          <Requirement mode="normal">Glide</Requirement>
        </Requirements>
      </Connection>
      <Connection>
        <Home name="GrenadeArea"/>
        <Target name="UpperGrenadeArea"/>
        <Requirements>
          <Requirement mode="normal">Grenade+Bash</Requirement>
          <Requirement mode="normal">Grenade+ChargeJump</Requirement>
        </Requirements>
      </Connection>
    </Connections>
  </Area>
  <Area name="RightGrenadeArea">
    <Locations>
      <Location>
        <X>224</X>
        <Y>-359</Y>
        <Item>EX100</Item>
      </Location>
    </Locations>
    <Connections>
    </Connections>
  </Area>
  <Area name="UpperGrenadeArea">
    <Locations>
      <Location>
        <X>252</X>
        <Y>-331</Y>
        <Item>AC</Item>
      </Location>
    </Locations>
    <Connections>
    </Connections>
  </Area>
  <Area name="LowerBlackRootCell">
    <Locations>
      <Location>
        <X>279</X>
        <Y>-375</Y>
        <Item>AC</Item>
      </Location>
    </Locations>
    <Connections>
    </Connections>
  </Area>
  <Area name="FarRightBlackRoot">
    <Locations>
      <Location>
        <X>391</X>
        <Y>-423</Y>
        <Item>AC</Item>
      </Location>
    </Locations>
    <Connections>
    </Connections>
  </Area>
  <Area name="RightBlackRoot">
    <Locations>
      <Location>
        <X>339</X>
        <Y>-418</Y>
        <Item>EX100</Item>
      </Location>
    </Locations>
    <Connections>
    </Connections>
  </Area>
  <Area name="LeftBlackRoot">
    <Locations>
      <Location>
        <X>208</X>
        <Y>-431</Y>
        <Item>AC</Item>
      </Location>
    </Locations>
    <Connections>
    </Connections>
  </Area>
  <Area name="BottomBlackRoot">
    <Locations>
    </Locations>
    <Connections>
      <Connection>
        <Home name="BottomBlackRoot"/>
        <Target name="FinalBlackRoot"/>
        <Requirements>
          <Requirement mode="normal">Bash</Requirement>
        </Requirements>
      </Connection>
      <Connection>
        <Home name="BottomBlackRoot"/>
        <Target name="BlackRootWater"/>
        <Requirements>
          <Requirement mode="normal">Water</Requirement>
          <Requirement mode="dboost-hard">Grenade+Bash+HC+HC+HC+HC+HC+HC+HC+HC+HC+HC+HC+HC</Requirement>
        </Requirements>
      </Connection>
    </Connections>
  </Area>
  <Area name="FinalBlackRoot">
    <Locations>
      <Location>
        <X>459</X>
        <Y>-506</Y>
        <Item>AC</Item>
      </Location>
      <Location>
        <X>462</X>
        <Y>-489</Y>
        <Item>EX100</Item>
      </Location>
      <Location>
        <X>307</X>
        <Y>-525</Y>
        <Item>EX100</Item>
      </Location>
    </Locations>
    <Connections>
    </Connections>
  </Area>
  <Area name="BlackRootWater">
    <Locations>
      <Location>
        <X>527</X>
        <Y>-544</Y>
        <Item>AC</Item>
      </Location>
    </Locations>
    <Connections>
    </Connections>
  </Area>
  <Area name="moonGrotto">
    <Locations>
      <Location>
        <X>303</X>
        <Y>-190</Y>
        <Item>EX100</Item>
      </Location>
      <Location>
        <X>423</X>
        <Y>-169</Y>
        <Item>EC</Item>
      </Location>
      <Location>
        <X>300</X>
        <Y>-94</Y>
        <Item>MS</Item>
      </Location>
      <Location>
        <X>703</X>
        <Y>-82</Y>
        <Item>AC</Item>
      </Location>
      <Location>
        <X>618</X>
        <Y>-98</Y>
        <Item>EX100</Item>
      </Location>
    </Locations>
    <Connections>
      <Connection>
        <Home name="moonGrotto"/>
        <Target name="upperGladesSpiderCavernPuzzle"/>
        <Requirements>
          <Requirement mode="normal">Bash</Requirement>
          <Requirement mode="normal">DoubleJump</Requirement>
        </Requirements>
      </Connection>
      <Connection>
        <Home name="moonGrotto"/>
        <Target name="groveWater"/>
        <Requirements>
          <Requirement mode="normal">Water</Requirement>
          <Requirement mode="dboost">HC+HC+HC+HC+HC+HC</Requirement>
          <Requirement mode="dboost">HC+HC+HC+HC+HC+Bash</Requirement>
        </Requirements>
      </Connection>
      <Connection>
        <Home name="moonGrotto"/>
        <Target name="upperGroveSpiderArea"/>
        <Requirements>
          <Requirement mode="normal">Bash+WallJump</Requirement>
          <Requirement mode="normal">ChargeJump+WallJump+DoubleJump</Requirement>
          <Requirement mode="dbash">Bash</Requirement>
        </Requirements>
      </Connection>
      <Connection>
        <Home name="moonGrotto"/>
        <Target name="deathWater"/>
        <Requirements>
          <Requirement mode="normal">Water+EC+EC+EC+EC</Requirement>
          <Requirement mode="dboost">EC+EC+EC+EC</Requirement>
        </Requirements>
      </Connection>
      <Connection>
        <Home name="moonGrotto"/>
        <Target name="sunkenGladesLaserStomp"/>
        <Requirements>
          <Requirement mode="normal">ChargeJump</Requirement>
          <Requirement mode="normal">Stomp+Water</Requirement>
          <Requirement mode="dboost">Bash+HC+HC+HC+HC</Requirement>
          <Requirement mode="dboost">HC+HC+HC+HC+HC</Requirement>
        </Requirements>
      </Connection>
      <Connection>
        <Home name="moonGrotto"/>
        <Target name="deathStomp"/>
        <Requirements>
          <Requirement mode="normal">Stomp+Water</Requirement>
          <Requirement mode="dboost">Stomp</Requirement>
        </Requirements>
      </Connection>
      <Connection>
        <Home name="moonGrotto"/>
        <Target name="upperGrottoOrbs"/>
        <Requirements>
          <Requirement mode="normal">WallJump+DoubleJump</Requirement>
          <Requirement mode="normal">ChargeJump</Requirement>
        </Requirements>
      </Connection>
      <Connection>
        <Home name="moonGrotto"/>
        <Target name="upperGrotto200"/>
        <Requirements>
          <Requirement mode="normal">WallJump+DoubleJump</Requirement>
          <Requirement mode="normal">Climb+DoubleJump+ChargeJump</Requirement>
        </Requirements>
      </Connection>
      <Connection>
        <Home name="moonGrotto"/>
        <Target name="mortarCell"/>
        <Requirements>
          <Requirement mode="normal">ChargeJump</Requirement>
          <Requirement mode="normal">Bash</Requirement>
        </Requirements>
      </Connection>
      <Connection>
        <Home name="moonGrotto"/>
        <Target name="swampGrottoWater"/>
        <Requirements>
          <Requirement mode="normal">Water</Requirement>
          <Requirement mode="dboost">Free</Requirement>
        </Requirements>
      </Connection>
      <Connection>
        <Home name="moonGrotto"/>
        <Target name="swamp"/>
        <Requirements>
          <Requirement mode="normal">Stomp+ChargeJump</Requirement>
          <Requirement mode="normal">ChargeJump+ChargeFlame</Requirement>
          <Requirement mode="normal">ChargeJump+Grenade</Requirement>
          <Requirement mode="dboost-hard">ChargeFlame+HC+HC+HC+HC+HC+HC+HC+HC+HC+HC+HC+HC+HC</Requirement>
          <Requirement mode="glitched">Dash</Requirement>
        </Requirements>
      </Connection>
      <Connection>
        <Home name="moonGrotto"/>
        <Target name="swampEnergy"/>
        <Requirements>
          <Requirement mode="glitched">Dash</Requirement>
        </Requirements>
      </Connection>
      <Connection>
        <Home name="moonGrotto"/>
        <Target name="drainlessCell"/>
        <Requirements>
          <Requirement mode="normal">Stomp</Requirement>
        </Requirements>
      </Connection>
      <Connection>
        <Home name="moonGrotto"/>
        <Target name="rightGrottoHealth"/>
        <Requirements>
          <Requirement mode="normal">DoubleJump+Bash</Requirement>
          <Requirement mode="normal">DoubleJump+ChargeJump</Requirement>
          <Requirement mode="normal">Glide+ChargeJump</Requirement>
        </Requirements>
      </Connection>
      <Connection>
        <Home name="moonGrotto"/>
        <Target name="moonGrottoEnergyWater"/>
        <Requirements>
          <Requirement mode="normal">EC+EC+Water</Requirement>
          <Requirement mode="dboost">EC+EC</Requirement>
        </Requirements>
      </Connection>
      <Connection>
        <Home name="moonGrotto"/>
        <Target name="moonGrottoEnergyTop"/>
        <Requirements>
          <Requirement mode="normal">EC+EC+ChargeJump</Requirement>
          <Requirement mode="normal">EC+EC+WallJump+DoubleJump</Requirement>
          <Requirement mode="speed">EC+EC+WallJump</Requirement>
        </Requirements>
      </Connection>
      <Connection>
        <Home name="moonGrotto"/>
        <Target name="GumoHideout"/>
        <Requirements>
          <Requirement mode="normal">Free</Requirement>
        </Requirements>
      </Connection>
      <Connection>
        <Home name="moonGrotto"/>
        <Target name="moonGrottoAirCell"/>
        <Requirements>
          <Requirement mode="normal">ChargeJump+DoubleJump</Requirement>
          <Requirement mode="normal">Bash</Requirement>
        </Requirements>
      </Connection>
      <Connection>
        <Home name="moonGrotto"/>
        <Target name="moonGrottoWaterStomp"/>
        <Requirements>
          <Requirement mode="normal">Water+Stomp</Requirement>
          <Requirement mode="dboost">Stomp+HC+HC+HC+HC+HC</Requirement>
        </Requirements>
      </Connection>
      <Connection>
        <Home name="moonGrotto"/>
        <Target name="leftGinsoCell"/>
        <Requirements>
          <Requirement mode="normal">ChargeJump+DoubleJump+Glide</Requirement>
          <Requirement mode="normal">Wind+Glide</Requirement>
          <Requirement mode="cdash">Dash</Requirement>
        </Requirements>
      </Connection>
      <Connection>
        <Home name="moonGrotto"/>
        <Target name="rightGinsoOrb"/>
        <Requirements>
          <Requirement mode="normal">Grenade</Requirement>
        </Requirements>
      </Connection>
      <Connection>
        <Home name="moonGrotto"/>
        <Target name="lowerGinsoTree"/>
        <Requirements>
          <Requirement mode="normal">GinsoKey+WallJump+DoubleJump</Requirement>
          <Requirement mode="normal">GinsoKey+ChargeJump</Requirement>
        </Requirements>
      </Connection>
      <Connection>
        <Home name="moonGrotto"/>
        <Target name="HoruFields"/>
        <Requirements>
          <Requirement mode="normal">Bash+DoubleJump</Requirement>
          <Requirement mode="normal">Bash+Glide</Requirement>
          <Requirement mode="normal">Stomp+ChargeJump+Glide+WallJump</Requirement>
          <Requirement mode="normal">Stomp+ChargeJump+Glide+Climb</Requirement>
          <Requirement mode="dbash">Bash</Requirement>
        </Requirements>
      </Connection>
      <Connection>
        <Home name="moonGrotto"/>
        <Target name="HoruFieldsStomp"/>
        <Requirements>
          <Requirement mode="normal">Stomp</Requirement>
          <Requirement mode="lure">Free</Requirement>
        </Requirements>
      </Connection>
      <Connection>
        <Home name="moonGrotto"/>
        <Target name="moonGrottoPlants"/>
        <Requirements>
          <Requirement mode="normal">ChargeFlame</Requirement>
          <Requirement mode="normal">Grenade</Requirement>
          <Requirement mode="cdash">Dash</Requirement>
        </Requirements>
      </Connection>
      <Connection>
        <Home name="moonGrotto"/>
        <Target name="moonGrottoStompPlant"/>
        <Requirements>
          <Requirement mode="normal">Stomp+ChargeFlame</Requirement>
          <Requirement mode="normal">Stomp+Grenade</Requirement>
          <Requirement mode="cdash">Stomp+Dash</Requirement>
        </Requirements>
      </Connection>
      <Connection>
        <Home name="moonGrotto"/>
        <Target name="moonGrottoMortarPlant"/>
        <Requirements>
          <Requirement mode="normal">DoubleJump+ChargeFlame</Requirement>
          <Requirement mode="normal">DoubleJump+Grenade</Requirement>
          <Requirement mode="normal">ChargeJump+ChargeFlame</Requirement>
          <Requirement mode="normal">ChargeJump+Grenade</Requirement>
          <Requirement mode="normal">Bash+ChargeFlame</Requirement>
          <Requirement mode="normal">Bash+Grenade</Requirement>
          <Requirement mode="normal">Glide+ChargeFlame</Requirement>
          <Requirement mode="normal">Glide+Grenade</Requirement>
          <Requirement mode="speed">Dash+ChargeFlame</Requirement>
          <Requirement mode="speed">Dash+Grenade</Requirement>
          <Requirement mode="cdash">Dash</Requirement>
        </Requirements>
      </Connection>
      <Connection>
        <Home name="moonGrotto"/>
        <Target name="moonGrottoMapStone"/>
        <Requirements>
          <Requirement mode="normal">MS</Requirement>
        </Requirements>
      </Connection>
    </Connections>
  </Area>
  <Area name="moonGrottoMapStone">
    <Locations>
      <Location>
        <X>351</X>
        <Y>-119</Y>
        <Item>MapStone</Item>
      </Location>
    </Locations>
    <Connections>
    </Connections>
  </Area>
  <Area name="moonGrottoPlants">
    <Locations>
      <Location>
        <X>365</X>
        <Y>-119</Y>
        <Item>Plant</Item>
      </Location>
      <Location>
        <X>628</X>
        <Y>-120</Y>
        <Item>Plant</Item>
      </Location>
      <Location>
        <X>330</X>
        <Y>-78</Y>
        <Item>Plant</Item>
      </Location>
    </Locations>
    <Connections>
    </Connections>
  </Area>
  <Area name="moonGrottoStompPlant">
    <Locations>
      <Location>
        <X>435</X>
        <Y>-140</Y>
        <Item>Plant</Item>
      </Location>
    </Locations>
    <Connections>
    </Connections>
  </Area>
  <Area name="moonGrottoMortarPlant">
    <Locations>
      <Location>
        <X>515</X>
        <Y>-100</Y>
        <Item>Plant</Item>
      </Location>
    </Locations>
    <Connections>
    </Connections>
  </Area>
  <Area name="moonGrottoWaterStomp">
    <Locations>
      <Location>
        <X>354</X>
        <Y>-178</Y>
        <Item>AC</Item>
      </Location>
    </Locations>
    <Connections>
    </Connections>
  </Area>
  <Area name="rightGinsoOrb">
    <Locations>
      <Location>
        <X>666</X>
        <Y>-48</Y>
        <Item>EX200</Item>
      </Location>
    </Locations>
    <Connections>
    </Connections>
  </Area>
  <Area name="leftGinsoCell">
    <Locations>
      <Location>
        <X>409</X>
        <Y>-34</Y>
        <Item>AC</Item>
      </Location>
    </Locations>
    <Connections>
    </Connections>
  </Area>
  <Area name="upperGroveSpiderArea">
    <Locations>
      <Location>
        <X>174</X>
        <Y>-105</Y>
        <Item>EX200</Item>
      </Location>
      <Location>
        <X>261</X>
        <Y>-117</Y>
        <Item>HC</Item>
      </Location>
    </Locations>
    <Connections>
      <Connection>
        <Home name="upperGroveSpiderArea"/>
        <Target name="upperGroveSpiderEnergy"/>
        <Requirements>
          <Requirement mode="normal">Grenade</Requirement>
        </Requirements>
      </Connection>
    </Connections>
  </Area>
  <Area name="upperGroveSpiderEnergy">
    <Locations>
      <Location>
        <X>272</X>
        <Y>-97</Y>
        <Item>EC</Item>
      </Location>
    </Locations>
    <Connections>
    </Connections>
  </Area>
  <Area name="groveWater">
    <Locations>
      <Location>
        <X>187</X>
        <Y>-163</Y>
        <Item>EX100</Item>
      </Location>
    </Locations>
    <Connections>
    </Connections>
  </Area>
  <Area name="deathWater">
    <Locations>
      <Location>
        <X>339</X>
        <Y>-216</Y>
        <Item>AC</Item>
      </Location>
    </Locations>
    <Connections>
    </Connections>
  </Area>
  <Area name="deathStomp">
    <Locations>
      <Location>
        <X>356</X>
        <Y>-207</Y>
        <Item>EX200</Item>
      </Location>
    </Locations>
    <Connections>
    </Connections>
  </Area>
  <Area name="upperGrottoOrbs">
    <Locations>
      <Location>
        <X>477</X>
        <Y>-140</Y>
        <Item>EX100</Item>
      </Location>
      <Location>
        <X>432</X>
        <Y>-108</Y>
        <Item>EX100</Item>
      </Location>
      <Location>
        <X>365</X>
        <Y>-109</Y>
        <Item>EX100</Item>
      </Location>
      <Location>
        <X>333</X>
        <Y>-61</Y>
        <Item>AC</Item>
      </Location>
      <Location>
        <X>581</X>
        <Y>-67</Y>
        <Item>HC</Item>
      </Location>
    </Locations>
    <Connections>
      <Connection>
        <Home name="upperGrottoOrbs"/>
        <Target name="upperGrottoOrbsPlant"/>
        <Requirements>
          <Requirement mode="normal">ChargeFlame</Requirement>
          <Requirement mode="normal">Grenade</Requirement>
          <Requirement mode="cdash">Dash</Requirement>
        </Requirements>
      </Connection>
    </Connections>
  </Area>
  <Area name="upperGrottoOrbsPlant">
    <Locations>
      <Location>
        <X>540</X>
        <Y>-220</Y>
        <Item>Plant</Item>
      </Location>
    </Locations>
    <Connections>
    </Connections>
  </Area>
  <Area name="upperGrotto200">
    <Locations>
      <Location>
        <X>449</X>
        <Y>-166</Y>
        <Item>EX200</Item>
      </Location>
    </Locations>
    <Connections>
    </Connections>
  </Area>
  <Area name="mortarCell">
    <Locations>
      <Location>
        <X>502</X>
        <Y>-108</Y>
        <Item>AC</Item>
      </Location>
    </Locations>
    <Connections>
    </Connections>
  </Area>
  <Area name="swampGrottoWater">
    <Locations>
      <Location>
        <X>595</X>
        <Y>-136</Y>
        <Item>EX200</Item>
      </Location>
    </Locations>
    <Connections>
    </Connections>
  </Area>
  <Area name="rightGrottoHealth">
    <Locations>
      <Location>
        <X>543</X>
        <Y>-189</Y>
        <Item>HC</Item>
      </Location>
    </Locations>
    <Connections>
    </Connections>
  </Area>
  <Area name="moonGrottoEnergyWater">
    <Locations>
      <Location>
        <X>423</X>
        <Y>-274</Y>
        <Item>EX100</Item>
      </Location>
    </Locations>
    <Connections>
    </Connections>
  </Area>
  <Area name="moonGrottoEnergyTop">
    <Locations>
      <Location>
        <X>424</X>
        <Y>-220</Y>
        <Item>HC</Item>
      </Location>
    </Locations>
    <Connections>
    </Connections>
  </Area>
  <Area name="moonGrottoAirCell">
    <Locations>
      <Location>
        <X>552</X>
        <Y>-141</Y>
        <Item>EX100</Item>
      </Location>
    </Locations>
    <Connections>
      <Connection>
        <Home name="moonGrottoAirCell"/>
        <Target name="moonGrottoAirCellPlant"/>
        <Requirements>
          <Requirement mode="normal">Stomp+ChargeFlame</Requirement>
          <Requirement mode="normal">Stomp+Grenade</Requirement>
          <Requirement mode="cdash">Stomp+Dash</Requirement>
        </Requirements>
      </Connection>
    </Connections>
  </Area>
  <Area name="moonGrottoAirCellPlant">
    <Locations>
      <Location>
        <X>537</X>
        <Y>-176</Y>
        <Item>Plant</Item>
      </Location>
    </Locations>
    <Connections>
    </Connections>
  </Area>
  todo
  <Area name="sideFallCell">
    <Locations>
      <Location>
        <X>451</X>
        <Y>-296</Y>
        <Item>AC</Item>
      </Location>
    </Locations>
    <Connections>
      <Connection>
        <Home name="sideFallCell"/>
        <Target name="GumoHideout"/>
        <Requirements>
          <Requirement mode="normal">Free</Requirement>
        </Requirements>
      </Connection>
    </Connections>
  </Area>
  <Area name="GumoHideout">
    <Locations>
      <Location>
        <X>513</X>
        <Y>-413</Y>
        <Item>MS</Item>
      </Location>
      <Location>
        <X>620</X>
        <Y>-404</Y>
        <Item>KS</Item>
      </Location>
      <Location>
        <X>572</X>
        <Y>-378</Y>
        <Item>EX100</Item>
      </Location>
      <Location>
        <X>590</X>
        <Y>-384</Y>
        <Item>KS</Item>
      </Location>
    </Locations>
    <Connections>
      <Connection>
        <Home name="GumoHideout"/>
        <Target name="DoubleJumpArea"/>
        <Requirements>
          <Requirement mode="normal">KS+KS+WallJump</Requirement>
          <Requirement mode="dboost-light">KS+KS+Climb</Requirement>
        </Requirements>
      </Connection>
      <Connection>
        <Home name="GumoHideout"/>
        <Target name="MobileGumoHideout"/>
        <Requirements>
          <Requirement mode="normal">WallJump+DoubleJump</Requirement>
          <Requirement mode="normal">Climb+ChargeJump</Requirement>
          <Requirement mode="normal">WallJump+ChargeJump</Requirement>
        </Requirements>
      </Connection>
      <Connection>
        <Home name="GumoHideout"/>
        <Target name="GumoHideoutMapStone"/>
        <Requirements>
          <Requirement mode="normal">MS</Requirement>
        </Requirements>
      </Connection>
    </Connections>
  </Area>
  <Area name="GumoHideoutMapStone">
    <Locations>
      <Location>
        <X>477</X>
        <Y>-389</Y>
        <Item>MapStone</Item>
      </Location>
    </Locations>
    <Connections>
    </Connections>
  </Area>
  <Area name="DoubleJumpArea">
    <Locations>
      <Location>
        <X>784</X>
        <Y>-412</Y>
        <Item>SKDoubleJump</Item>
      </Location>
    </Locations>
    <Connections>
      <Connection>
        <Home name="DoubleJumpArea"/>
        <Target name="MobileDoubleJumpArea"/>
        <Requirements>
          <Requirement mode="normal">WallJump+DoubleJump</Requirement>
          <Requirement mode="normal">ChargeJump</Requirement>
          <Requirement mode="normal">Bash</Requirement>
          <Requirement mode="normal">Climb+DoubleJump</Requirement>
        </Requirements>
      </Connection>
    </Connections>
  </Area>
  <Area name="MobileDoubleJumpArea">
    <Locations>
      <Location>
        <X>759</X>
        <Y>-398</Y>
        <Item>EX100</Item>
      </Location>
    </Locations>
    <Connections>
    </Connections>
  </Area>
  <Area name="MobileGumoHideout">
    <Locations>
      <Location>
        <X>496</X>
        <Y>-369</Y>
        <Item>EX15</Item>
      </Location>
      <Location>
        <X>467</X>
        <Y>-369</Y>
        <Item>EX15</Item>
      </Location>
      <Location>
        <X>545</X>
        <Y>-357</Y>
        <Item>EC</Item>
      </Location>
      <Location>
        <X>567</X>
        <Y>-246</Y>
        <Item>EX100</Item>
      </Location>
      <Location>
        <X>0</X>
        <Y>0</Y>
        <Item>EVGinsoKey</Item>
      </Location>
      <Location>
        <X>406</X>
        <Y>-386</Y>
        <Item>EX100</Item>
      </Location>
      <Location>
        <X>393</X>
        <Y>-375</Y>
        <Item>HC</Item>
      </Location>
      <Location>
        <X>449</X>
        <Y>-430</Y>
        <Item>AC</Item>
      </Location>
      <Location>
        <X>328</X>
        <Y>-353</Y>
        <Item>EX100</Item>
      </Location>
    </Locations>
    <Connections>
      <Connection>
        <Home name="MobileGumoHideout"/>
        <Target name="sideFallCell"/>
        <Requirements>
          <Requirement mode="normal">Free</Requirement>
        </Requirements>
      </Connection>
      <Connection>
        <Home name="MobileGumoHideout"/>
        <Target name="moonGrotto"/>
        <Requirements>
          <Requirement mode="normal">Free</Requirement>
        </Requirements>
      </Connection>
      <Connection>
        <Home name="MobileGumoHideout"/>
        <Target name="GumoHideoutWater"/>
        <Requirements>
          <Requirement mode="normal">Water</Requirement>
          <Requirement mode="dboost">Free</Requirement>
        </Requirements>
      </Connection>
      <Connection>
        <Home name="MobileGumoHideout"/>
        <Target name="HideoutRedirect"/>
        <Requirements>
          <Requirement mode="normal">EC+EC+EC+EC</Requirement>
        </Requirements>
      </Connection>
      <Connection>
        <Home name="MobileGumoHideout"/>
        <Target name="MobileGumoHideoutPlants"/>
        <Requirements>
          <Requirement mode="normal">ChargeFlame</Requirement>
          <Requirement mode="normal">Grenade</Requirement>
          <Requirement mode="cdash">Dash</Requirement>
        </Requirements>
      </Connection>
    </Connections>
  </Area>
  <Area name="MobileGumoHideoutPlants">
    <Locations>
      <Location>
        <X>447</X>
        <Y>-368</Y>
        <Item>Plant</Item>
      </Location>
      <Location>
        <X>439</X>
        <Y>-344</Y>
        <Item>Plant</Item>
      </Location>
      <Location>
        <X>492</X>
        <Y>-400</Y>
        <Item>Plant</Item>
      </Location>
    </Locations>
    <Connections>
    </Connections>
  </Area>
  <Area name="GumoHideoutWater">
    <Locations>
      <Location>
        <X>397</X>
        <Y>-411</Y>
        <Item>EX100</Item>
      </Location>
    </Locations>
    <Connections>
    </Connections>
  </Area>
  <Area name="HideoutRedirect">
    <Locations>
      <Location>
        <X>515</X>
        <Y>-441</Y>
        <Item>EC</Item>
      </Location>
      <Location>
        <X>505</X>
        <Y>-439</Y>
        <Item>EX200</Item>
      </Location>
    </Locations>
    <Connections>
    </Connections>
  </Area>
  <Area name="drainlessCell">
    <Locations>
      <Location>
        <X>643</X>
        <Y>-127</Y>
        <Item>AC</Item>
      </Location>
    </Locations>
    <Connections>
    </Connections>
  </Area>
  <Area name="sunkenGladesLaserStomp">
    <Locations>
      <Location>
        <X>321</X>
        <Y>-179</Y>
        <Item>HC</Item>
      </Location>
    </Locations>
    <Connections>
      <Connection>
        <Home name="sunkenGladesLaserStomp"/>
        <Target name="moonGrotto"/>
        <Requirements>
          <Requirement mode="normal">Free</Requirement>
        </Requirements>
      </Connection>
      <Connection>
        <Home name="sunkenGladesLaserStomp"/>
        <Target name="sunkenGladesLaserStompPlant"/>
        <Requirements>
          <Requirement mode="normal">ChargeFlame</Requirement>
          <Requirement mode="normal">Grenade</Requirement>
          <Requirement mode="cdash">Dash</Requirement>
        </Requirements>
      </Connection>
    </Connections>
  </Area>
  <Area name="sunkenGladesLaserStompPlant">
    <Locations>
      <Location>
        <X>342</X>
        <Y>-179</Y>
        <Item>Plant</Item>
      </Location>
    </Locations>
    <Connections>
    </Connections>
  </Area>
  <Area name="lowerGinsoTree">
    <Locations>
      <Location>
        <X>523</X>
        <Y>142</Y>
        <Item>EX100</Item>
      </Location>
      <Location>
        <X>531</X>
        <Y>267</Y>
        <Item>KS</Item>
      </Location>
      <Location>
        <X>540</X>
        <Y>277</Y>
        <Item>KS</Item>
      </Location>
      <Location>
        <X>508</X>
        <Y>304</Y>
        <Item>KS</Item>
      </Location>
      <Location>
        <X>529</X>
        <Y>297</Y>
        <Item>KS</Item>
      </Location>
      <Location>
        <X>532</X>
        <Y>328</Y>
        <Item>SKBash</Item>
      </Location>
    </Locations>
    <Connections>
      <Connection>
        <Home name="lowerGinsoTree"/>
        <Target name="upperGinsoTree"/>
        <Requirements>
          <Requirement mode="normal">KS+KS+KS+KS+Bash</Requirement>
          <Requirement mode="normal">KS+KS+KS+KS+ChargeJump</Requirement>
        </Requirements>
      </Connection>
      <Connection>
        <Home name="lowerGinsoTree"/>
        <Target name="lowerGinsoTreePlant"/>
        <Requirements>
          <Requirement mode="normal">ChargeFlame</Requirement>
          <Requirement mode="normal">Grenade</Requirement>
          <Requirement mode="cdash">Dash</Requirement>
        </Requirements>
      </Connection>
    </Connections>
  </Area>
  <Area name="lowerGinsoTreePlant">
    <Locations>
      <Location>
        <X>540</X>
        <Y>101</Y>
        <Item>Plant</Item>
      </Location>
    </Locations>
    <Connections>
    </Connections>
  </Area>
  <Area name="upperGinsoTree">
    <Locations>
      <Location>
        <X>518</X>
        <Y>339</Y>
        <Item>EX100</Item>
      </Location>
      <Location>
        <X>507</X>
        <Y>476</Y>
        <Item>KS</Item>
      </Location>
      <Location>
        <X>535</X>
        <Y>488</Y>
        <Item>KS</Item>
      </Location>
      <Location>
        <X>531</X>
        <Y>502</Y>
        <Item>KS</Item>
      </Location>
      <Location>
        <X>508</X>
        <Y>498</Y>
        <Item>KS</Item>
      </Location>
    </Locations>
    <Connections>
      <Connection>
        <Home name="upperGinsoTree"/>
        <Target name="topGinsoTree"/>
        <Requirements>
          <Requirement mode="normal">KS+KS+KS+KS+Bash+WallJump</Requirement>
          <Requirement mode="normal">KS+KS+KS+KS+Bash+Climb</Requirement>
          <Requirement mode="normal">KS+KS+KS+KS+Bash+ChargeJump</Requirement>
          <Requirement mode="dboost">KS+KS+KS+KS+ChargeJump+WallJump+HC+HC+HC+HC+HC</Requirement>
          <Requirement mode="dboost">KS+KS+KS+KS+ChargeJump+Climb+HC+HC+HC+HC+HC</Requirement>
          <Requirement mode="extended-damage">KS+KS+KS+KS+ChargeJump+HC+HC+HC+HC+HC</Requirement>
          <!-- this can be reached with chargejump only due to a micro ledge-->
        </Requirements>
      </Connection>
      <Connection>
        <Home name="upperGinsoTree"/>
        <Target name="upperGinsoFloors"/>
        <Requirements>
          <Requirement mode="normal">Bash</Requirement>
          <Requirement mode="normal">Stomp</Requirement>
          <Requirement mode="extended">ChargeFlame</Requirement>
        </Requirements>
      </Connection>
    </Connections>
  </Area>
  <Area name="upperGinsoFloors">
    <Locations>
      <Location>
        <X>517</X>
        <Y>384</Y>
        <Item>EX100</Item>
      </Location>
      <Location>
        <X>530</X>
        <Y>407</Y>
        <Item>EX100</Item>
      </Location>
      <Location>
        <X>536</X>
        <Y>434</Y>
        <Item>EC</Item>
      </Location>
    </Locations>
    <Connections>
    </Connections>
  </Area>
  <Area name="topGinsoTree">
    <Locations>
      <Location>
        <X>456</X>
        <Y>566</Y>
        <Item>EX100</Item>
      </Location>
      <Location>
        <X>471</X>
        <Y>614</Y>
        <Item>EX100</Item>
      </Location>
    </Locations>
    <Connections>
      <Connection>
        <Home name="topGinsoTree"/>
        <Target name="GinsoEscape"/>
        <Requirements>
          <Requirement mode="normal">Bash</Requirement>
          <Requirement mode="speed">Stomp</Requirement>
        </Requirements>
      </Connection>
      <Connection>
        <Home name="topGinsoTree"/>
        <Target name="topGinsoTreePlant"/>
        <Requirements>
          <Requirement mode="normal">ChargeFlame</Requirement>
          <Requirement mode="normal">Grenade</Requirement>
          <Requirement mode="cdash">Dash</Requirement>
        </Requirements>
      </Connection>
    </Connections>
  </Area>
  <Area name="topGinsoTreePlant">
    <Locations>
      <Location>
        <X>610</X>
        <Y>611</Y>
        <Item>Plant</Item>
      </Location>
    </Locations>
    <Connections>
    </Connections>
  </Area>
  <Area name="GinsoEscape">
    <Locations>
      <Location>
        <X>534</X>
        <Y>661</Y>
        <Item>EX200</Item>
      </Location>
      <Location>
        <X>537</X>
        <Y>733</Y>
        <Item>EX100</Item>
      </Location>
      <Location>
        <X>533</X>
        <Y>827</Y>
        <Item>EX100</Item>
      </Location>
      <Location>
        <X>519</X>
        <Y>867</Y>
        <Item>EX100</Item>
      </Location>
      <Location>
        <X>0</X>
        <Y>4</Y>
        <Item>EVWater</Item>
      </Location>
    </Locations>
    <Connections>
    </Connections>
  </Area>
  <Area name="swamp">
    <Locations>
    </Locations>
    <Connections>
      <Connection>
        <Home name="swamp"/>
        <Target name="drainlessCell"/>
        <Requirements>
          <Requirement mode="normal">Stomp</Requirement>
        </Requirements>
      </Connection>
      <Connection>
        <Home name="swamp"/>
        <Target name="swampWater"/>
        <Requirements>
          <Requirement mode="normal">Water</Requirement>
        </Requirements>
      </Connection>
      <Connection>
        <Home name="swamp"/>
        <Target name="swampStomp"/>
        <Requirements>
          <Requirement mode="normal">Stomp</Requirement>
        </Requirements>
      </Connection>
      <Connection>
        <Home name="swamp"/>
        <Target name="swampEnergy"/>
        <Requirements>
          <Requirement mode="normal">Wind+Glide</Requirement>
          <Requirement mode="normal">ChargeJump+Climb+Glide</Requirement>
          <Requirement mode="normal">ChargeJump+Climb+DoubleJump</Requirement>
          <Requirement mode="dbash">Bash</Requirement>
          <!-- dbash here requires dboosting, but only 2 if done right -->
        </Requirements>
      </Connection>
      <Connection>
        <Home name="swamp"/>
        <Target name="rightSwamp"/>
        <Requirements>
          <Requirement mode="normal">KS+KS+WallJump</Requirement>
          <Requirement mode="normal">KS+KS+Climb</Requirement>
        </Requirements>
      </Connection>
      <Connection>
        <Home name="swamp"/>
        <Target name="swampMapStone"/>
        <Requirements>
          <Requirement mode="normal">MS</Requirement>
        </Requirements>
      </Connection>
    </Connections>
  </Area>
  <Area name="swampMapStone">
    <Locations>
      <Location>
        <X>677</X>
        <Y>-129</Y>
        <Item>MapStone</Item>
      </Location>
    </Locations>
    <Connections>
    </Connections>
  </Area>
  <Area name="swampWater">
    <Locations>
      <Location>
        <X>636</X>
        <Y>-162</Y>
        <Item>EX100</Item>
      </Location>
      <Location>
        <X>761</X>
        <Y>-173</Y>
        <Item>EX100</Item>
      </Location>
      <Location>
        <X>684</X>
        <Y>-205</Y>
        <Item>KS</Item>
      </Location>
      <Location>
        <X>766</X>
        <Y>-183</Y>
        <Item>KS</Item>
      </Location>
      <Location>
        <X>796</X>
        <Y>-210</Y>
        <Item>MS</Item>
      </Location>
    </Locations>
    <Connections>
    </Connections>
  </Area>
  <Area name="swampStomp">
    <Locations>
      <Location>
        <X>770</X>
        <Y>-148</Y>
        <Item>EX100</Item>
      </Location>
    </Locations>
    <Connections>
    </Connections>
  </Area>
  <Area name="swampEnergy">
    <Locations>
      <Location>
        <X>722</X>
        <Y>-95</Y>
        <Item>EC</Item>
      </Location>
    </Locations>
    <Connections>
    </Connections>
  </Area>
  <Area name="rightSwamp">
    <Locations>
      <Location>
        <X>860</X>
        <Y>-96</Y>
        <Item>SKStomp</Item>
      </Location>
    </Locations>
    <Connections>
      <Connection>
        <Home name="rightSwamp"/>
        <Target name="rightSwampStomp"/>
        <Requirements>
          <Requirement mode="normal">Stomp</Requirement>
          <Requirement mode="normal">Bash</Requirement>
        </Requirements>
      </Connection>
      <Connection>
        <Home name="rightSwamp"/>
        <Target name="rightSwampCJump"/>
        <Requirements>
          <Requirement mode="normal">ChargeJump</Requirement>
        </Requirements>
      </Connection>
      <Connection>
        <Home name="rightSwamp"/>
        <Target name="rightSwampGrenade"/>
        <Requirements>
          <Requirement mode="normal">Grenade+Water</Requirement>
          <Requirement mode="dboost">Grenade</Requirement>
        </Requirements>
      </Connection>
    </Connections>
  </Area>
  <Area name="rightSwampCJump">
    <Locations>
      <Location>
        <X>914</X>
        <Y>-71</Y>
        <Item>EX200</Item>
      </Location>
    </Locations>
    <Connections>
    </Connections>
  </Area>
  <Area name="rightSwampStomp">
    <Locations>
      <Location>
        <X>884</X>
        <Y>-98</Y>
        <Item>EX100</Item>
      </Location>
    </Locations>
    <Connections>
    </Connections>
  </Area>
  <Area name="rightSwampGrenade">
    <Locations>
      <Location>
        <X>874</X>
        <Y>-143</Y>
        <Item>EX200</Item>
      </Location>
    </Locations>
    <Connections>
    </Connections>
  </Area>
  <Area name="HoruFields">
    <Locations>
      <Location>
        <X>97</X>
        <Y>-37</Y>
        <Item>EX200</Item>
      </Location>
      <Location>
        <X>176</X>
        <Y>-34</Y>
        <Item>AC</Item>
      </Location>
    </Locations>
    <Connections>
      <Connection>
        <Home name="HoruFields"/>
        <Target name="HoruFieldsEnergy"/>
        <Requirements>
          <Requirement mode="normal">Bash</Requirement>
          <Requirement mode="normal">DoubleJump</Requirement>
        </Requirements>
      </Connection>
      <Connection>
        <Home name="HoruFields"/>
        <Target name="Horu"/>
        <Requirements>
          <Requirement mode="normal">HoruKey+Bash+DoubleJump+Glide+WallJump</Requirement>
          <Requirement mode="normal">HoruKey+Bash+DoubleJump+Glide+Climb</Requirement>
          <Requirement mode="dbash">HoruKey+Bash</Requirement>
        </Requirements>
      </Connection>
    </Connections>
  </Area>
  <Area name="HoruFieldsEnergy">
    <Locations>
      <Location>
        <X>175</X>
        <Y>1</Y>
        <Item>EC</Item>
      </Location>
    </Locations>
    <Connections>
      <Connection>
        <Home name="HoruFieldsEnergy"/>
        <Target name="HoruFieldsEnergyPlant"/>
        <Requirements>
          <Requirement mode="normal">ChargeFlame</Requirement>
          <Requirement mode="normal">Grenade</Requirement>
          <Requirement mode="cdash">Dash</Requirement>
        </Requirements>
      </Connection>
    </Connections>
  </Area>
  <Area name="HoruFieldsEnergyPlant">
    <Locations>
      <Location>
        <X>124</X>
        <Y>21</Y>
        <Item>Plant</Item>
      </Location>
    </Locations>
    <Connections>
    </Connections>
  </Area>
  <Area name="HoruFieldsStomp">
    <Locations>
      <Location>
        <X>160</X>
        <Y>-78</Y>
        <Item>HC</Item>
      </Location>
    </Locations>
    <Connections>
    </Connections>
  </Area>
  <Area name="Horu">
    <Locations>
      <Location>
        <X>193</X>
        <Y>384</Y>
        <Item>EX100</Item>
      </Location>
      <Location>
        <X>148</X>
        <Y>363</Y>
        <Item>MS</Item>
      </Location>
      <Location>
        <X>249</X>
        <Y>403</Y>
        <Item>EC</Item>
      </Location>
    </Locations>
    <Connections>
      <Connection>
        <Home name="Horu"/>
        <Target name="HoruStomp"/>
        <Requirements>
          <Requirement mode="normal">Stomp</Requirement>
        </Requirements>
      </Connection>
      <Connection>
        <Home name="Horu"/>
        <Target name="HoruMapStone"/>
        <Requirements>
          <Requirement mode="normal">MS</Requirement>
        </Requirements>
      </Connection>
    </Connections>
  </Area>
  <Area name="HoruMapStone">
    <Locations>
      <Location>
        <X>56</X>
        <Y>343</Y>
        <Item>MapStone</Item>
      </Location>
    </Locations>
    <Connections>
    </Connections>
  </Area>
  <Area name="HoruStomp">
    <Locations>
      <Location>
        <X>191</X>
        <Y>165</Y>
        <Item>EX200</Item>
      </Location>
      <Location>
        <X>253</X>
        <Y>194</Y>
        <Item>EX200</Item>
      </Location>
      <Location>
        <X>163</X>
        <Y>136</Y>
        <Item>EX200</Item>
      </Location>
      <Location>
        <X>-191</X>
        <Y>194</Y>
        <Item>EX200</Item>
      </Location>
      <Location>
        <X>-29</X>
        <Y>148</Y>
        <Item>EX200</Item>
      </Location>
      <Location>
        <X>13</X>
        <Y>164</Y>
        <Item>EX200</Item>
      </Location>
      <Location>
        <X>129</X>
        <Y>165</Y>
        <Item>EX200</Item>
      </Location>
      <Location>
        <X>98</X>
        <Y>130</Y>
        <Item>EX200</Item>
      </Location>
      <Location>
        <X>106</X>
        <Y>112</Y>
        <Item>EX200</Item>
      </Location>
      <Location>
        <X>0</X>
        <Y>20</Y>
        <Item>EVWarmth</Item>
      </Location>
    </Locations>
    <Connections>
      <Connection>
        <Home name="HoruStomp"/>
        <Target name="HoruStompPlant"/>
        <Requirements>
          <Requirement mode="normal">ChargeFlame</Requirement>
          <Requirement mode="normal">Grenade</Requirement>
          <Requirement mode="cdash">Dash</Requirement>
        </Requirements>
      </Connection>
    </Connections>
  </Area>
  <Area name="HoruStompPlant">
    <Locations>
      <Location>
        <X>318</X>
        <Y>245</Y>
        <Item>Plant</Item>
      </Location>
    </Locations>
    <Connections>
    </Connections>
  </Area>
  <Area name="valleyEntry">
    <Locations>
      <Location>
        <X>-205</X>
        <Y>-113</Y>
        <Item>AC</Item>
      </Location>
    </Locations>
    <Connections>
      <Connection>
        <Home name="valleyEntry"/>
        <Target name="valleyEntryTree"/>
        <Requirements>
          <Requirement mode="normal">Bash+WallJump</Requirement>
          <Requirement mode="normal">Bash+Climb</Requirement>
          <Requirement mode="normal">DoubleJump</Requirement>
          <Requirement mode="normal">ChargeJump+WallJump</Requirement>
          <Requirement mode="normal">ChargeJump+Climb</Requirement>
          <Requirement mode="dboost">ChargeJump+HC+HC+HC+HC</Requirement>
          <!--- this can be reached with cjump only + 3 damage -->
        </Requirements>
      </Connection>
      <Connection>
        <Home name="valleyEntry"/>
        <Target name="valleyMain"/>
        <Requirements>
          <Requirement mode="normal">Stomp+Bash+WallJump+DoubleJump</Requirement>
          <Requirement mode="normal">Stomp+Bash+WallJump+Glide</Requirement>
          <Requirement mode="normal">Stomp+Bash+Climb+ChargeJump</Requirement>
        </Requirements>
      </Connection>
    </Connections>
  </Area>
  <Area name="valleyEntryTree">
    <Locations>
      <Location>
        <X>-221</X>
        <Y>-84</Y>
        <Item>EX100</Item>
      </Location>
    </Locations>
    <Connections>
      <Connection>
        <Home name="valleyEntryTree"/>
        <Target name="valleyEntryWater"/>
        <Requirements>
          <Requirement mode="normal">Water+Grenade</Requirement>
          <Requirement mode="dboost-hard">Grenade+HC+HC+HC+HC+HC+HC+HC+HC+HC+HC+HC+HC+HC+HC</Requirement>
          <Requirement mode="dboost-hard">Grenade+HC+HC+HC+HC+HC+HC+HC+HC+HC+HC+HC+HC+HC+Bash</Requirement>
        </Requirements>
      </Connection>
      <Connection>
        <Home name="valleyEntryTree"/>
        <Target name="valleyEntryTreePlant"/>
        <Requirements>
          <Requirement mode="normal">ChargeJump+Climb+ChargeFlame</Requirement>
          <Requirement mode="normal">ChargeJump+Climb+Grenade</Requirement>
          <Requirement mode="normal">ChargeJump+DoubleJump+ChargeFlame</Requirement>
          <Requirement mode="normal">ChargeJump+DoubleJump+Grenade</Requirement>
          <Requirement mode="normal">Bash+ChargeFlame</Requirement>
          <Requirement mode="normal">Bash+Grenade</Requirement>
          <Requirement mode="normal">Glide+ChargeFlame</Requirement>
          <Requirement mode="normal">Glide+Grenade</Requirement>
          <Requirement mode="cdash">Dash</Requirement>
        </Requirements>
      </Connection>
    </Connections>
  </Area>
  <Area name="valleyEntryTreePlant">
    <Locations>
      <Location>
        <X>-179</X>
        <Y>-88</Y>
        <Item>Plant</Item>
      </Location>
    </Locations>
    <Connections>
    </Connections>
  </Area>
  <Area name="valleyEntryWater">
    <Locations>
      <Location>
        <X>-320</X>
        <Y>-162</Y>
        <Item>EC</Item>
      </Location>
    </Locations>
    <Connections>
    </Connections>
  </Area>
  <Area name="valleyMain">
    <Locations>
      <Location>
        <X>-292</X>
        <Y>20</Y>
        <Item>AC</Item>
      </Location>
      <Location>
        <X>-355</X>
        <Y>65</Y>
        <Item>AC</Item>
      </Location>
      <Location>
        <X>-418</X>
        <Y>67</Y>
        <Item>EX100</Item>
      </Location>
      <Location>
        <X>-460</X>
        <Y>-20</Y>
        <Item>SKGlide</Item>
      </Location>
      <Location>
        <X>-546</X>
        <Y>54</Y>
        <Item>EX200</Item>
      </Location>
      <Location>
        <X>-561</X>
        <Y>-89</Y>
        <Item>MS</Item>
      </Location>
      <Location>
        <X>-538</X>
        <Y>-104</Y>
        <Item>EX100</Item>
      </Location>
      <Location>
        <X>-350</X>
        <Y>-98</Y>
        <Item>AC</Item>
      </Location>
      <Location>
        <X>-443</X>
        <Y>-152</Y>
        <Item>MS</Item>
      </Location>
      <Location>
        <X>-538</X>
        <Y>-234</Y>
        <Item>EX200</Item>
      </Location>
      <Location>
        <X>-460</X>
        <Y>-255</Y>
        <Item>EX100</Item>
      </Location>
      <Location>
        <X>-678</X>
        <Y>-29</Y>
        <Item>EX100</Item>
      </Location>
      <Location>
        <X>-822</X>
        <Y>-9</Y>
        <Item>EX100</Item>
      </Location>
    </Locations>
    <Connections>
      <Connection>
        <Home name="valleyMain"/>
        <Target name="valleyMainWater"/>
        <Requirements>
          <Requirement mode="normal">Water</Requirement>
          <Requirement mode="dboost">Free</Requirement>
        </Requirements>
      </Connection>
      <Connection>
        <Home name="valleyMain"/>
        <Target name="preSorrowOrb"/>
        <Requirements>
          <Requirement mode="normal">ChargeJump</Requirement>
          <Requirement mode="dbash">Bash</Requirement>
        </Requirements>
      </Connection>
      <Connection>
        <Home name="valleyMain"/>
        <Target name="sorrow"/>
        <Requirements>
          <Requirement mode="normal">Wind+Glide</Requirement>
          <Requirement mode="speed">Glide+DoubleJump+Bash+Dash</Requirement>
          <Requirement mode="dbash">Bash+Glide</Requirement>
          <Requirement mode="extended">Bash</Requirement>
        </Requirements>
      </Connection>
      <Connection>
        <Home name="valleyMain"/>
        <Target name="misty"/>
        <Requirements>
          <Requirement mode="normal">Glide</Requirement>
          <Requirement mode="dboost">DoubleJump+HC+HC+HC+HC</Requirement>
        </Requirements>
      </Connection>
      <Connection>
        <Home name="valleyMain"/>
        <Target name="forlorn"/>
        <Requirements>
          <Requirement mode="normal">ForlornKey</Requirement>
        </Requirements>
      </Connection>
      <Connection>
        <Home name="valleyMain"/>
        <Target name="valleyMainGrenade"/>
        <Requirements>
          <Requirement mode="normal">Grenade</Requirement>
        </Requirements>
      </Connection>
      <Connection>
        <Home name="valleyMain"/>
        <Target name="valleyMainFACS"/>
        <Requirements>
          <Requirement mode="normal">Climb+ChargeJump</Requirement>
          <Requirement mode="extended">Bash+Glide</Requirement>
        </Requirements>
      </Connection>
      <Connection>
        <Home name="valleyMain"/>
        <Target name="valleyMainPlant"/>
        <Requirements>
          <Requirement mode="normal">ChargeFlame</Requirement>
          <Requirement mode="normal">Grenade</Requirement>
          <Requirement mode="cdash">Dash</Requirement>
        </Requirements>
      </Connection>
      <Connection>
        <Home name="valleyMain"/>
        <Target name="valleyMapStone"/>
        <Requirements>
          <Requirement mode="normal">MS</Requirement>
        </Requirements>
      </Connection>
    </Connections>
  </Area>
  <Area name="valleyMapStone">
    <Locations>
      <Location>
        <X>-408</X>
        <Y>-170</Y>
        <Item>MapStone</Item>
      </Location>
    </Locations>
    <Connections>
    </Connections>
  </Area>
  <Area name="valleyMainPlant">
    <Locations>
      <Location>
        <X>-468</X>
        <Y>-67</Y>
        <Item>Plant</Item>
      </Location>
    </Locations>
    <Connections>
    </Connections>
  </Area>
  <Area name="preSorrowOrb">
    <Locations>
      <Location>
        <X>-572</X>
        <Y>157</Y>
        <Item>EX200</Item>
      </Location>
    </Locations>
    <Connections>
    </Connections>
  </Area>
  <Area name="valleyMainWater">
    <Locations>
      <Location>
        <X>-359</X>
        <Y>-87</Y>
        <Item>EX100</Item>
      </Location>
      <Location>
        <X>-514</X>
        <Y>-277</Y>
        <Item>EX100</Item>
      </Location>
    </Locations>
    <Connections>
    </Connections>
  </Area>
  <Area name="valleyMainFACS">
    <Locations>
      <Location>
        <X>-415</X>
        <Y>-80</Y>
        <Item>AC</Item>
      </Location>
    </Locations>
    <Connections>
    </Connections>
  </Area>
  <Area name="valleyMainGrenade">
    <Locations>
      <Location>
        <X>-460</X>
        <Y>-187</Y>
        <Item>AC</Item>
      </Location>
    </Locations>
    <Connections>
    </Connections>
  </Area>
  <Area name="forlorn">
    <Locations>
      <Location>
        <X>-703</X>
        <Y>-390</Y>
        <Item>EX200</Item>
      </Location>
      <Location>
        <X>-841</X>
        <Y>-350</Y>
        <Item>EX100</Item>
      </Location>
      <Location>
        <X>-858</X>
        <Y>-353</Y>
        <Item>KS</Item>
      </Location>
      <Location>
        <X>-892</X>
        <Y>-328</Y>
        <Item>KS</Item>
      </Location>
      <Location>
        <X>-888</X>
        <Y>-251</Y>
        <Item>KS</Item>
      </Location>
      <Location>
        <X>-869</X>
        <Y>-255</Y>
        <Item>KS</Item>
      </Location>
    </Locations>
    <Connections>
      <Connection>
        <Home name="forlorn"/>
        <Target name="rightForlorn"/>
        <Requirements>
          <Requirement mode="normal">KS+KS+KS+KS+Glide</Requirement>
        </Requirements>
      </Connection>
      <Connection>
        <Home name="forlorn"/>
        <Target name="forlornPlant"/>
        <Requirements>
          <Requirement mode="normal">ChargeFlame</Requirement>
          <Requirement mode="normal">Grenade</Requirement>
          <Requirement mode="cdash">Dash</Requirement>
        </Requirements>
      </Connection>
      <Connection>
        <Home name="forlorn"/>
        <Target name="forlornMapStone"/>
        <Requirements>
          <Requirement mode="normal">MS</Requirement>
        </Requirements>
      </Connection>
    </Connections>
  </Area>
  <Area name="forlornMapStone">
    <Locations>
      <Location>
        <X>-843</X>
        <Y>-308</Y>
        <Item>MapStone</Item>
      </Location>
    </Locations>
    <Connections>
    </Connections>
  </Area>
  <Area name="forlornPlant">
    <Locations>
      <Location>
        <X>-815</X>
        <Y>-266</Y>
        <Item>Plant</Item>
      </Location>
    </Locations>
    <Connections>
    </Connections>
  </Area>
  <Area name="rightForlorn">
    <Locations>
      <Location>
        <X>-625</X>
        <Y>-315</Y>
        <Item>HC</Item>
      </Location>
      <Location>
        <X>0</X>
        <Y>12</Y>
        <Item>EVWind</Item>
      </Location>
    </Locations>
    <Connections>
      <Connection>
        <Home name="rightForlorn"/>
        <Target name="rightForlornPlant"/>
        <Requirements>
          <Requirement mode="normal">ChargeFlame</Requirement>
          <Requirement mode="normal">Grenade</Requirement>
          <Requirement mode="cdash">Dash</Requirement>
        </Requirements>
      </Connection>
    </Connections>
  </Area>
  <Area name="rightForlornPlant">
    <Locations>
      <Location>
        <X>-607</X>
        <Y>-314</Y>
        <Item>Plant</Item>
      </Location>
    </Locations>
    <Connections>
    </Connections>
  </Area>
  <Area name="sorrow">
    <Locations>
      <Location>
        <X>-510</X>
        <Y>204</Y>
        <Item>AC</Item>
      </Location>
      <Location>
        <X>-435</X>
        <Y>322</Y>
        <Item>MS</Item>
      </Location>
      <Location>
        <X>-485</X>
        <Y>323</Y>
        <Item>KS</Item>
      </Location>
      <Location>
        <X>-503</X>
        <Y>274</Y>
        <Item>KS</Item>
      </Location>
      <Location>
        <X>-514</X>
        <Y>303</Y>
        <Item>KS</Item>
      </Location>
      <Location>
        <X>-596</X>
        <Y>229</Y>
        <Item>KS</Item>
      </Location>
    </Locations>
    <Connections>
      <Connection>
        <Home name="sorrow"/>
        <Target name="leftSorrow"/>
        <Requirements>
          <Requirement mode="normal">KS+KS+KS+KS</Requirement>
        </Requirements>
      </Connection>
      <Connection>
        <Home name="sorrow"/>
        <Target name="sorrowHealth"/>
        <Requirements>
          <Requirement mode="normal">ChargeJump</Requirement>
        </Requirements>
      </Connection>
      <Connection>
        <Home name="sorrow"/>
        <Target name="sorrowMapStone"/>
        <Requirements>
          <Requirement mode="normal">MS</Requirement>
        </Requirements>
      </Connection>
    </Connections>
  </Area>
  <Area name="sorrowMapStone">
    <Locations>
      <Location>
        <X>-451</X>
        <Y>284</Y>
        <Item>MapStone</Item>
      </Location>
    </Locations>
    <Connections>
    </Connections>
  </Area>
  <Area name="sorrowHealth">
    <Locations>
      <Location>
        <X>-609</X>
        <Y>299</Y>
        <Item>HC</Item>
      </Location>
    </Locations>
    <Connections>
    </Connections>
  </Area>
  <Area name="leftSorrow">
    <Locations>
      <Location>
        <X>-671</X>
        <Y>289</Y>
        <Item>AC</Item>
      </Location>
      <Location>
        <X>-608</X>
        <Y>329</Y>
        <Item>KS</Item>
      </Location>
      <Location>
        <X>-612</X>
        <Y>347</Y>
        <Item>KS</Item>
      </Location>
      <Location>
        <X>-604</X>
        <Y>361</Y>
        <Item>KS</Item>
      </Location>
      <Location>
        <X>-613</X>
        <Y>371</Y>
        <Item>KS</Item>
      </Location>
      <Location>
        <X>-627</X>
        <Y>393</Y>
        <Item>EC</Item>
      </Location>
    </Locations>
    <Connections>
      <Connection>
        <Home name="leftSorrow"/>
        <Target name="leftSorrowGrenade"/>
        <Requirements>
          <Requirement mode="normal">Grenade</Requirement>
        </Requirements>
      </Connection>
      <Connection>
        <Home name="leftSorrow"/>
        <Target name="upperSorrow"/>
        <Requirements>
          <Requirement mode="normal">KS+KS+KS+KS</Requirement>
        </Requirements>
      </Connection>
      <Connection>
        <Home name="leftSorrow"/>
        <Target name="leftSorrowPlant"/>
        <Requirements>
          <Requirement mode="normal">ChargeFlame</Requirement>
          <Requirement mode="normal">Grenade</Requirement>
          <Requirement mode="cdash">Dash</Requirement>
        </Requirements>
      </Connection>
    </Connections>
  </Area>
  <Area name="leftSorrowPlant">
    <Locations>
      <Location>
        <X>-630</X>
        <Y>249</Y>
        <Item>Plant</Item>
      </Location>
    </Locations>
    <Connections>
    </Connections>
  </Area>
  <Area name="leftSorrowGrenade">
    <Locations>
      <Location>
        <X>-677</X>
        <Y>269</Y>
        <Item>EX200</Item>
      </Location>
    </Locations>
    <Connections>
    </Connections>
  </Area>
  <Area name="upperSorrow">
    <Locations>
      <Location>
        <X>-456</X>
        <Y>419</Y>
        <Item>KS</Item>
      </Location>
      <Location>
        <X>-414</X>
        <Y>429</Y>
        <Item>KS</Item>
      </Location>
      <Location>
        <X>-514</X>
        <Y>427</Y>
        <Item>KS</Item>
      </Location>
      <Location>
        <X>-545</X>
        <Y>409</Y>
        <Item>EX100</Item>
      </Location>
      <Location>
        <X>-592</X>
        <Y>445</Y>
        <Item>KS</Item>
      </Location>
    </Locations>
    <Connections>
      <Connection>
        <Home name="upperSorrow"/>
        <Target name="chargeJump"/>
        <Requirements>
          <Requirement mode="normal">KS+KS+KS+KS</Requirement>
        </Requirements>
      </Connection>
    </Connections>
  </Area>
  <Area name="chargeJump">
    <Locations>
      <Location>
        <X>-696</X>
        <Y>408</Y>
        <Item>SKChargeJump</Item>
      </Location>
    </Locations>
    <Connections>
      <Connection>
        <Home name="chargeJump"/>
        <Target name="sunstone"/>
        <Requirements>
          <Requirement mode="normal">ChargeJump+Climb</Requirement>
        </Requirements>
      </Connection>
    </Connections>
  </Area>
  <Area name="sunstone">
    <Locations>
      <Location>
        <X>-646</X>
        <Y>473</Y>
        <Item>AC</Item>
      </Location>
      <Location>
        <X>0</X>
        <Y>16</Y>
        <Item>EVHoruKey</Item>
      </Location>
    </Locations>
    <Connections>
      <Connection>
        <Home name="sunstone"/>
        <Target name="sunstonePlant"/>
        <Requirements>
          <Requirement mode="normal">ChargeFlame</Requirement>
          <Requirement mode="normal">Grenade</Requirement>
          <Requirement mode="cdash">Dash</Requirement>
        </Requirements>
      </Connection>
    </Connections>
  </Area>
  <Area name="sunstonePlant">
    <Locations>
      <Location>
        <X>-478</X>
        <Y>586</Y>
        <Item>Plant</Item>
      </Location>
    </Locations>
    <Connections>
    </Connections>
  </Area>
  <Area name="misty">
    <Locations>
      <Location>
        <X>-979</X>
        <Y>23</Y>
        <Item>EX100</Item>
      </Location>
      <Location>
        <X>-1075</X>
        <Y>-2</Y>
        <Item>AC</Item>
      </Location>
      <Location>
        <X>-1082</X>
        <Y>8</Y>
        <Item>EX100</Item>
      </Location>
      <Location>
        <X>-1009</X>
        <Y>-35</Y>
        <Item>EX100</Item>
      </Location>
      <Location>
        <X>-1188</X>
        <Y>-100</Y>
        <Item>SKClimb</Item>
      </Location>
    </Locations>
    <Connections>
      <Connection>
        <Home name="misty"/>
        <Target name="mistyEnd"/>
        <Requirements>
          <Requirement mode="normal">Climb+DoubleJump</Requirement>
          <Requirement mode="normal">ChargeJump</Requirement>
        </Requirements>
      </Connection>
      <Connection>
        <Home name="misty"/>
        <Target name="mistyPlant"/>
        <Requirements>
          <Requirement mode="normal">ChargeFlame</Requirement>
          <Requirement mode="normal">Grenade</Requirement>
          <Requirement mode="cdash">Dash</Requirement>
        </Requirements>
      </Connection>
    </Connections>
  </Area>
  <Area name="mistyPlant">
    <Locations>
      <Location>
        <X>-1102</X>
        <Y>-67</Y>
        <Item>Plant</Item>
      </Location>
    </Locations>
    <Connections>
    </Connections>
  </Area>
  <Area name="mistyEnd">
    <Locations>
      <Location>
        <X>-837</X>
        <Y>-123</Y>
        <Item>EX100</Item>
      </Location>
      <Location>
        <X>-796</X>
        <Y>-144</Y>
        <Item>EX200</Item>
      </Location>
      <Location>
        <X>0</X>
        <Y>8</Y>
        <Item>EVForlornKey</Item>
      </Location>
    </Locations>
    <Connections>
      <Connection>
        <Home name="misty"/>
        <Target name="mistyEndGrenade"/>
        <Requirements>
          <Requirement mode="normal">Grenade</Requirement>
        </Requirements>
      </Connection>
    </Connections>
  </Area>
  <Area name="mistyEndGrenade">
    <Locations>
      <Location>
        <X>-671</X>
        <Y>-39</Y>
        <Item>EX200</Item>
      </Location>
    </Locations>
    <Connections>
    </Connections>
  </Area>
</Areas>